Maritime Northwest	95531
Maritime Northwest	95567
Maritime Northwest	95548
Maritime Northwest	95543
Maritime Northwest	95532
Maritime Northwest	95538
Maritime Northwest	97415
Maritime Northwest	96025
Maritime Northwest	96027
Maritime Northwest	96032
Maritime Northwest	96034
Maritime Northwest	96038
Maritime Northwest	96037
Maritime Northwest	96039
Maritime Northwest	96044
Maritime Northwest	96049
Maritime Northwest	96050
Maritime Northwest	96058
Maritime Northwest	96057
Maritime Northwest	96134
Maritime Northwest	96064
Maritime Northwest	96067
Maritime Northwest	96085
Maritime Northwest	95568
Maritime Northwest	96086
Maritime Northwest	96014
Maritime Northwest	96094
Maritime Northwest	96097
Maritime Northwest	96023
Maritime Northwest	95502
Maritime Northwest	95501
Maritime Northwest	95511
Maritime Northwest	95503
Maritime Northwest	95514
Maritime Northwest	95521
Maritime Northwest	95519
Maritime Northwest	95525
Maritime Northwest	95524
Maritime Northwest	95526
Maritime Northwest	95528
Maritime Northwest	95537
Maritime Northwest	95536
Maritime Northwest	95540
Maritime Northwest	95542
Maritime Northwest	95546
Maritime Northwest	95545
Maritime Northwest	95547
Maritime Northwest	95550
Maritime Northwest	95549
Maritime Northwest	95551
Maritime Northwest	95554
Maritime Northwest	95553
Maritime Northwest	95556
Maritime Northwest	95555
Maritime Northwest	95559
Maritime Northwest	95558
Maritime Northwest	95562
Maritime Northwest	95560
Maritime Northwest	95564
Maritime Northwest	95563
Maritime Northwest	95565
Maritime Northwest	95569
Maritime Northwest	95571
Maritime Northwest	95570
Maritime Northwest	95573
Maritime Northwest	95589
Maritime Northwest	96024
Maritime Northwest	95552
Maritime Northwest	96041
Maritime Northwest	96048
Maritime Northwest	96091
Maritime Northwest	96010
Maritime Northwest	96093
Maritime Northwest	96052
Maritime Northwest	95595
Maritime Northwest	96087
Maritime Northwest	96001
Northern Plains	56720
Northern Plains	56728
Northern Plains	56729
Northern Plains	56731
Northern Plains	56732
Northern Plains	56733
Northern Plains	56734
Northern Plains	56735
Northern Plains	56740
Northern Plains	56755
Northern Plains	56673
Northern Plains	56714
Northern Plains	56726
Northern Plains	56751
Northern Plains	56756
Northern Plains	56759
Northern Plains	56761
Northern Plains	56763
Northern Plains	56738
Northern Plains	56737
Northern Plains	56758
Northern Plains	56757
Northern Plains	56713
Northern Plains	56760
Northern Plains	56724
Northern Plains	56701
Northern Plains	56725
Northern Plains	56754
Northern Plains	56715
Northern Plains	56742
Northern Plains	56748
Northern Plains	56750
Northern Plains	56684
Northern Plains	56710
Northern Plains	56517
Northern Plains	56716
Northern Plains	56715
Northern Plains	56592
Northern Plains	56721
Northern Plains	56723
Northern Plains	56722
Northern Plains	56523
Northern Plains	56736
Northern Plains	56535
Northern Plains	56540
Northern Plains	56744
Northern Plains	56646
Northern Plains	56542
Northern Plains	56651
Northern Plains	56762
Northern Plains	56556
Northern Plains	56568
Northern Plains	56510
Northern Plains	56519
Northern Plains	56541
Northern Plains	56545
Northern Plains	56548
Northern Plains	56550
Northern Plains	56574
Northern Plains	56581
Northern Plains	56584
Northern Plains	56516
Northern Plains	56557
Northern Plains	56566
Northern Plains	56651
Northern Plains	56536
Northern Plains	56580
Northern Plains	56547
Northern Plains	56546
Northern Plains	56549
Northern Plains	56585
Northern Plains	56514
Northern Plains	56552
Northern Plains	56519
Northern Plains	56560
Northern Plains	56525
Northern Plains	56529
Northern Plains	56501
Northern Plains	56502
Northern Plains	56511
Northern Plains	56521
Northern Plains	56544
Northern Plains	56569
Northern Plains	56570
Northern Plains	56575
Northern Plains	56577
Northern Plains	56578
Northern Plains	56589
Northern Plains	56591
Northern Plains	56593
Northern Plains	56520
Northern Plains	56522
Northern Plains	56543
Northern Plains	56553
Northern Plains	56565
Northern Plains	56579
Northern Plains	56594
Northern Plains	56573
Northern Plains	56361
Northern Plains	56572
Northern Plains	56576
Northern Plains	56477
Northern Plains	56579
Northern Plains	56482
Northern Plains	56586
Northern Plains	56588
Northern Plains	56515
Northern Plains	56587
Northern Plains	56309
Northern Plains	56518
Northern Plains	56522
Northern Plains	56524
Northern Plains	56528
Northern Plains	56527
Northern Plains	56534
Northern Plains	56324
Northern Plains	56533
Northern Plains	56537
Northern Plains	56437
Northern Plains	56544
Northern Plains	56446
Northern Plains	56551
Northern Plains	56453
Northern Plains	56567
Northern Plains	56571
Northern Plains	56219
Northern Plains	56236
Northern Plains	56296
Northern Plains	56583
Northern Plains	56590
Northern Plains	56311
Northern Plains	56274
Northern Plains	56531
Northern Plains	56326
Northern Plains	56327
Northern Plains	56332
Northern Plains	56339
Northern Plains	56341
Northern Plains	56343
Northern Plains	56308
Northern Plains	56349
Northern Plains	56315
Northern Plains	56354
Northern Plains	56319
Northern Plains	56355
Northern Plains	56360
Northern Plains	56225
Northern Plains	56210
Northern Plains	56227
Northern Plains	56211
Northern Plains	56278
Northern Plains	56219
Northern Plains	56240
Northern Plains	56207
Northern Plains	56221
Northern Plains	56235
Northern Plains	56244
Northern Plains	56267
Northern Plains	56323
Northern Plains	56334
Northern Plains	56349
Northern Plains	56381
Northern Plains	56385
Northern Plains	56208
Northern Plains	56215
Northern Plains	56226
Northern Plains	56231
Northern Plains	56249
Northern Plains	56252
Northern Plains	56271
Northern Plains	56276
Northern Plains	56212
Northern Plains	56232
Northern Plains	56256
Northern Plains	56257
Northern Plains	56222
Northern Plains	56260
Northern Plains	56262
Northern Plains	56265
Northern Plains	56295
Northern Plains	56220
Northern Plains	56223
Northern Plains	56237
Northern Plains	56241
Northern Plains	56245
Northern Plains	56280
Northern Plains	56297
Northern Plains	56113
Northern Plains	56136
Northern Plains	56142
Northern Plains	56149
Northern Plains	56178
Northern Plains	56115
Northern Plains	56132
Northern Plains	56157
Northern Plains	56169
Northern Plains	56175
Northern Plains	56229
Northern Plains	56239
Northern Plains	56258
Northern Plains	56264
Northern Plains	56291
Northern Plains	56128
Northern Plains	56139
Northern Plains	56140
Northern Plains	56164
Northern Plains	56170
Northern Plains	56186
Northern Plains	56114
Northern Plains	56122
Northern Plains	56123
Northern Plains	56125
Northern Plains	56131
Northern Plains	56141
Northern Plains	56151
Northern Plains	56172
Northern Plains	56156
Northern Plains	56116
Northern Plains	56134
Northern Plains	56173
Northern Plains	56138
Northern Plains	56144
Northern Plains	56146
Northern Plains	56110
Northern Plains	56117
Northern Plains	56119
Northern Plains	56129
Northern Plains	56146
Northern Plains	56153
Northern Plains	56155
Northern Plains	56165
Northern Plains	56167
Northern Plains	56168
Northern Plains	56185
Northern Plains	56187
Northeast	12937
Northeast	12939
Northeast	12945
Northeast	12953
Northeast	12957
Northeast	12966
Northeast	12969
Northeast	12970
Northeast	12976
Northeast	12983
Northeast	12989
Northeast	12913
Northeast	12995
Northeast	12914
Northeast	12915
Northeast	13655
Northeast	12916
Northeast	12917
Northeast	12920
Northeast	12926
Northeast	12930
Northeast	12935
Northeast	12944
Northeast	12952
Northeast	12955
Northeast	12958
Northeast	12959
Northeast	12962
Northeast	12972
Northeast	12978
Northeast	12979
Northeast	12981
Northeast	12901
Northeast	12985
Northeast	12903
Northeast	12910
Northeast	12911
Northeast	12912
Northeast	12992
Northeast	12918
Northeast	12919
Northeast	12921
Northeast	12923
Northeast	12924
Northeast	12929
Northeast	12933
Northeast	12934
Northeast	12936
Northeast	12941
Northeast	12942
Northeast	12943
Northeast	12946
Northeast	12851
Northeast	12950
Northeast	12855
Northeast	12956
Northeast	12857
Northeast	12858
Northeast	12960
Northeast	12961
Northeast	12964
Northeast	12936
Northeast	12941
Northeast	12942
Northeast	12943
Northeast	12946
Northeast	12851
Northeast	12950
Northeast	12855
Northeast	12956
Northeast	12857
Northeast	12858
Northeast	12960
Northeast	12961
Northeast	12964
Northeast	12842
Northeast	12847
Northeast	13436
Northeast	12139
Northeast	12864
Northeast	12164
Northeast	13353
Northeast	12812
Northeast	13360
Northeast	12108
Northeast	12190
Northeast	12843
Northeast	12844
Northeast	12845
Northeast	12846
Northeast	12853
Northeast	12856
Northeast	12860
Northeast	12862
Northeast	12874
Northeast	12878
Northeast	12801
Northeast	12885
Northeast	12886
Northeast	12804
Northeast	12808
Northeast	12810
Northeast	12811
Northeast	12814
Northeast	12815
Northeast	12817
Northeast	12820
Northeast	12824
Northeast	12836
Northeast	13470
Northeast	12117
Northeast	12070
Northeast	12032
Northeast	12078
Northeast	13452
Northeast	12095
Northeast	12025
Northeast	12027
Northeast	12065
Northeast	12803
Northeast	12074
Northeast	12822
Northeast	12086
Northeast	12828
Northeast	12831
Northeast	12833
Northeast	12835
Northeast	12118
Northeast	12850
Northeast	12134
Northeast	12859
Northeast	12863
Northeast	12148
Northeast	12866
Northeast	12871
Northeast	12151
Northeast	12884
Northeast	12170
Northeast	12010
Northeast	12188
Northeast	12019
Northeast	12020
Northeast	12839
Northeast	12841
Northeast	12848
Northeast	12849
Northeast	12854
Northeast	12861
Northeast	12865
Northeast	12873
Northeast	12887
Northeast	12809
Northeast	12816
Northeast	12819
Northeast	12821
Northeast	12823
Northeast	12827
Northeast	12832
Northeast	12834
Northeast	12837
Northeast	12838
Northeast	13428
Northeast	13317
Northeast	12160
Northeast	12068
Northeast	12069
Northeast	12166
Northeast	12072
Northeast	12177
Northeast	12016
Northeast	13410
Northeast	12307
Northeast	12308
Northeast	12345
Northeast	12137
Northeast	12056
Northeast	12150
Northeast	12066
Northeast	12008
Northeast	12301
Northeast	12302
Northeast	12305
Northeast	12306
Northeast	12028
Northeast	12196
Northeast	12198
Northeast	12033
Northeast	12040
Northeast	12052
Northeast	12057
Northeast	12061
Northeast	12062
Northeast	12063
Northeast	12082
Northeast	12089
Northeast	12090
Northeast	12094
Northeast	12121
Northeast	12123
Northeast	12133
Northeast	12138
Northeast	12140
Northeast	12144
Northeast	12153
Northeast	12154
Northeast	12156
Northeast	12168
Northeast	12169
Northeast	12180
Northeast	12181
Northeast	12182
Northeast	12185
Northeast	12018
Northeast	12022
Northeast	12194
Northeast	12031
Northeast	12122
Northeast	12035
Northeast	12036
Northeast	12131
Northeast	12043
Northeast	13459
Northeast	12149
Northeast	12157
Northeast	12071
Northeast	12073
Northeast	12076
Northeast	12175
Northeast	12092
Northeast	12187
Northeast	12193
Northeast	12202
Northeast	12203
Northeast	12204
Northeast	12205
Northeast	12206
Northeast	12207
Northeast	12208
Northeast	12209
Northeast	12210
Northeast	12211
Northeast	12212
Northeast	12222
Northeast	12230
Northeast	12233
Northeast	12234
Northeast	12246
Northeast	12250
Northeast	12303
Northeast	12304
Northeast	12309
Northeast	12007
Northeast	12009
Northeast	12460
Northeast	12469
Northeast	12023
Northeast	12041
Northeast	12045
Northeast	12046
Northeast	12047
Northeast	12053
Northeast	12054
Northeast	12055
Northeast	12059
Northeast	12067
Northeast	12077
Northeast	12083
Northeast	12084
Northeast	12085
Northeast	12087
Northeast	12107
Northeast	12110
Northeast	12120
Northeast	12143
Northeast	12147
Northeast	12158
Northeast	12159
Northeast	12161
Northeast	12183
Northeast	12186
Northeast	12189
Northeast	12470
Northeast	12192
Northeast	12473
Northeast	12482
Northeast	12485
Northeast	12042
Northeast	12492
Northeast	12051
Northeast	12496
Northeast	12058
Northeast	12405
Northeast	12124
Northeast	12407
Northeast	12413
Northeast	12414
Northeast	12418
Northeast	12422
Northeast	12423
Northeast	12424
Northeast	12427
Northeast	12430
Northeast	12431
Northeast	12436
Northeast	12439
Northeast	12442
Northeast	12444
Northeast	12450
Northeast	12451
Northeast	12452
Northeast	12454
Northeast	12176
Northeast	12015
Northeast	12463
Northeast	12468
Northeast	12024
Northeast	12195
Northeast	12029
Northeast	12037
Northeast	12050
Northeast	12502
Northeast	12503
Northeast	12060
Northeast	12513
Northeast	12516
Northeast	12517
Northeast	12521
Northeast	12523
Northeast	12075
Northeast	12526
Northeast	12529
Northeast	12530
Northeast	12534
Northeast	12541
Northeast	12544
Northeast	12106
Northeast	12115
Northeast	12565
Northeast	12125
Northeast	12130
Northeast	12132
Northeast	12136
Northeast	12165
Northeast	12172
Northeast	12173
Northeast	12174
Northeast	12184
Northeast	12017
Northeast	12471
Northeast	12472
Northeast	12475
Northeast	12758
Northeast	12477
Northeast	12480
Northeast	12481
Northeast	12483
Northeast	12484
Northeast	12486
Northeast	12487
Northeast	12489
Northeast	12490
Northeast	12491
Northeast	12493
Northeast	12494
Northeast	12495
Northeast	12498
Northeast	12515
Northeast	12525
Northeast	12528
Northeast	12547
Northeast	12548
Northeast	12401
Northeast	12402
Northeast	12561
Northeast	12404
Northeast	12406
Northeast	12409
Northeast	12410
Northeast	12568
Northeast	12411
Northeast	12412
Northeast	12416
Northeast	12417
Northeast	12419
Northeast	12420
Northeast	12428
Northeast	12429
Northeast	12432
Northeast	12433
Northeast	12435
Northeast	12440
Northeast	12441
Northeast	12443
Northeast	12446
Northeast	12448
Northeast	12449
Northeast	12725
Northeast	12453
Northeast	12455
Northeast	12456
Northeast	12457
Northeast	12458
Northeast	12740
Northeast	12461
Northeast	12464
Northeast	12465
Northeast	12466
Northeast	12501
Northeast	12504
Northeast	12506
Northeast	12507
Northeast	12508
Northeast	12511
Northeast	12512
Northeast	12514
Northeast	12522
Northeast	12524
Northeast	12527
Northeast	12531
Northeast	12533
Northeast	12538
Northeast	12540
Northeast	12545
Northeast	12546
Northeast	12564
Northeast	12567
Northeast	12569
Northeast	12570
Northeast	12571
Northeast	12572
Northeast	12574
Northeast	12578
Northeast	12580
Northeast	12581
Northeast	12582
Northeast	12583
Northeast	12585
Northeast	12590
Northeast	12592
Northeast	12594
Northeast	12601
Northeast	12603
Northeast	12604
Northeast	10973
Northeast	10975
Northeast	10979
Northeast	10981
Northeast	10985
Northeast	10987
Northeast	10988
Northeast	12771
Northeast	10990
Northeast	10992
Northeast	10996
Northeast	10998
Northeast	12780
Northeast	12785
Northeast	12518
Northeast	12520
Northeast	12542
Northeast	12543
Northeast	12549
Northeast	12550
Northeast	12553
Northeast	12566
Northeast	12575
Northeast	12577
Northeast	10912
Northeast	12584
Northeast	10914
Northeast	10915
Northeast	12586
Northeast	10916
Northeast	10917
Northeast	12589
Northeast	10918
Northeast	10919
Northeast	10921
Northeast	10922
Northeast	10924
Northeast	10925
Northeast	10926
Northeast	10928
Northeast	10930
Northeast	12721
Northeast	10932
Northeast	10933
Northeast	10940
Northeast	10941
Northeast	12729
Northeast	10950
Northeast	10953
Northeast	10958
Northeast	10963
Northeast	12746
Northeast	10969
Northeast	10509
Northeast	10512
Northeast	10516
Northeast	12563
Northeast	10524
Northeast	10537
Northeast	10541
Northeast	10542
Northeast	10579
Northeast	10970
Northeast	10974
Northeast	10976
Northeast	10977
Northeast	10982
Northeast	10983
Northeast	10984
Northeast	10989
Northeast	10993
Northeast	10994
Northeast	10901
Northeast	10913
Northeast	10920
Northeast	10923
Northeast	10927
Northeast	10931
Northeast	10952
Northeast	10954
Northeast	10956
Northeast	10962
Northeast	10965
Northeast	10968
Northeast	10501
Northeast	10502
Northeast	10503
Northeast	10504
Northeast	10505
Northeast	10506
Northeast	10507
Northeast	10510
Northeast	10511
Northeast	10514
Northeast	10517
Northeast	10518
Northeast	10519
Northeast	10520
Northeast	10522
Northeast	10523
Northeast	10526
Northeast	10527
Northeast	10528
Northeast	10530
Northeast	10532
Northeast	10533
Northeast	10535
Northeast	10536
Northeast	10538
Northeast	10540
Northeast	10543
Northeast	10546
Northeast	10547
Northeast	10548
Northeast	10549
Northeast	10550
Northeast	10552
Northeast	10553
Northeast	10560
Northeast	10562
Northeast	10566
Northeast	10567
Northeast	10570
Northeast	10573
Northeast	10576
Northeast	10577
Northeast	10578
Northeast	10580
Northeast	10583
Northeast	10587
Northeast	10588
Northeast	10589
Northeast	10590
Northeast	10591
Northeast	10594
Northeast	10595
Northeast	10596
Northeast	10597
Northeast	10598
Northeast	10601
Northeast	10603
Northeast	10604
Northeast	10605
Northeast	10606
Northeast	10607
Northeast	10701
Northeast	10702
Northeast	10703
Northeast	10704
Northeast	10706
Northeast	10707
Northeast	10708
Northeast	10709
Northeast	10710
Northeast	10801
Northeast	10803
Northeast	10804
Northeast	10805
Northeast	10705
Northeast	10452
Northeast	10453
Northeast	10455
Northeast	10456
Northeast	10457
Northeast	10458
Northeast	10459
Northeast	10460
Northeast	10461
Northeast	10462
Northeast	10464
Northeast	10465
Northeast	10466
Northeast	10467
Northeast	10468
Northeast	10469
Northeast	10470
Northeast	10471
Northeast	10472
Northeast	10473
Northeast	10474
Northeast	10475
Northeast	10001
Northeast	10002
Northeast	10003
Northeast	10004
Northeast	10005
Northeast	10006
Northeast	10007
Northeast	10009
Northeast	10010
Northeast	10011
Northeast	10012
Northeast	10013
Northeast	10075
Northeast	10014
Northeast	10016
Northeast	10065
Northeast	10017
Northeast	10018
Northeast	10019
Northeast	10020
Northeast	10021
Northeast	10022
Northeast	10023
Northeast	10024
Northeast	10025
Northeast	10026
Northeast	10027
Northeast	10028
Northeast	10029
Northeast	10030
Northeast	10031
Northeast	10032
Northeast	10033
Northeast	10034
Northeast	10035
Northeast	10036
Northeast	10037
Northeast	10038
Northeast	10039
Northeast	10040
Northeast	10041
Northeast	10043
Northeast	10044
Northeast	10060
Northeast	10069
Northeast	10080
Northeast	10087
Northeast	10090
Northeast	10102
Northeast	10103
Northeast	10105
Northeast	10107
Northeast	10111
Northeast	10112
Northeast	10114
Northeast	10116
Northeast	10117
Northeast	10118
Northeast	10121
Northeast	10123
Northeast	10124
Northeast	10125
Northeast	10126
Northeast	10128
Northeast	10130
Northeast	10131
Northeast	10138
Northeast	10152
Northeast	10153
Northeast	10154
Northeast	10155
Northeast	10156
Northeast	10157
Northeast	10159
Northeast	10162
Northeast	10166
Northeast	10168
Northeast	10170
Northeast	10171
Northeast	10175
Northeast	10177
Northeast	10185
Northeast	10199
Northeast	10211
Northeast	10256
Northeast	10259
Northeast	10260
Northeast	10261
Northeast	10265
Northeast	10270
Northeast	10271
Northeast	10278
Northeast	10279
Northeast	10280
Northeast	10282
Northeast	10285
Northeast	10286
Northeast	10292
Northeast	10451
Northeast	10454
Northeast	10463
Northeast	11201
Northeast	11202
Northeast	11203
Northeast	11204
Northeast	11205
Northeast	11206
Northeast	11207
Northeast	11208
Northeast	11209
Northeast	11210
Northeast	11211
Northeast	11212
Northeast	11213
Northeast	11214
Northeast	11215
Northeast	11216
Northeast	11217
Northeast	11218
Northeast	11219
Northeast	11220
Northeast	11221
Northeast	11222
Northeast	11223
Northeast	11224
Northeast	11225
Northeast	11226
Northeast	11228
Northeast	11229
Northeast	11230
Northeast	11231
Northeast	11232
Northeast	11233
Northeast	11234
Northeast	11235
Northeast	11236
Northeast	11237
Northeast	11238
Northeast	11239
Northeast	11242
Northeast	11243
Northeast	11245
Northeast	11249
Northeast	11251
Northeast	11252
Northeast	10301
Northeast	10302
Northeast	10303
Northeast	10304
Northeast	10305
Northeast	10306
Northeast	10307
Northeast	10308
Northeast	10309
Northeast	10310
Northeast	10311
Northeast	10312
Northeast	10313
Northeast	10314
Northeast	11001
Northeast	11004
Northeast	11005
Northeast	11096
Northeast	11101
Northeast	11102
Northeast	11103
Northeast	11104
Northeast	11105
Northeast	11106
Northeast	11109
Northeast	11120
Northeast	11351
Northeast	11352
Northeast	11354
Northeast	11355
Northeast	11356
Northeast	11357
Northeast	11358
Northeast	11359
Northeast	11360
Northeast	11361
Northeast	11362
Northeast	11363
Northeast	11364
Northeast	11365
Northeast	11366
Northeast	11367
Northeast	11368
Northeast	11369
Northeast	11370
Northeast	11372
Northeast	11373
Northeast	11374
Northeast	11375
Northeast	11377
Northeast	11378
Northeast	11379
Northeast	11380
Northeast	11381
Northeast	11385
Northeast	11405
Northeast	11411
Northeast	11412
Northeast	11413
Northeast	11414
Northeast	11415
Northeast	11416
Northeast	11417
Northeast	11418
Northeast	11419
Northeast	11420
Northeast	11421
Northeast	11422
Northeast	11423
Northeast	11424
Northeast	11425
Northeast	11426
Northeast	11427
Northeast	11428
Northeast	11429
Northeast	11430
Northeast	11431
Northeast	11432
Northeast	11433
Northeast	11434
Northeast	11435
Northeast	11436
Northeast	11439
Northeast	11451
Northeast	11691
Northeast	11692
Northeast	11693
Northeast	11694
Northeast	11697
Northeast	11003
Northeast	11010
Northeast	11020
Northeast	11021
Northeast	11022
Northeast	11023
Northeast	11024
Northeast	11030
Northeast	11040
Northeast	11050
Northeast	11051
Northeast	11501
Northeast	11507
Northeast	11509
Northeast	11510
Northeast	11514
Northeast	11516
Northeast	11518
Northeast	11520
Northeast	11530
Northeast	11531
Northeast	11542
Northeast	11545
Northeast	11547
Northeast	11548
Northeast	11549
Northeast	11550
Northeast	11551
Northeast	11552
Northeast	11553
Northeast	11554
Northeast	11557
Northeast	11558
Northeast	11559
Northeast	11560
Northeast	11561
Northeast	11563
Northeast	11565
Northeast	11566
Northeast	11568
Northeast	11569
Northeast	11570
Northeast	11571
Northeast	11572
Northeast	11575
Northeast	11576
Northeast	11577
Northeast	11579
Northeast	11580
Northeast	11581
Northeast	11582
Northeast	11590
Northeast	11596
Northeast	11598
Northeast	11709
Northeast	11710
Northeast	11714
Northeast	11732
Northeast	11753
Northeast	11756
Northeast	11758
Northeast	11762
Northeast	11765
Northeast	11771
Northeast	11773
Northeast	11783
Northeast	11791
Northeast	11793
Northeast	11797
Northeast	11801
Northeast	11802
Northeast	11803
Northeast	11804
Northeast	11853
Northeast	501
Northeast	544
Northeast	11701
Northeast	11702
Northeast	11703
Northeast	11704
Northeast	11705
Northeast	11706
Northeast	11713
Northeast	11715
Northeast	11716
Northeast	11717
Northeast	11718
Northeast	11719
Northeast	11720
Northeast	11721
Northeast	11722
Northeast	11724
Northeast	11725
Northeast	11726
Northeast	11727
Northeast	11729
Northeast	11730
Northeast	11731
Northeast	11733
Northeast	11735
Northeast	11738
Northeast	11739
Northeast	11740
Northeast	11741
Northeast	11742
Northeast	11743
Northeast	11746
Northeast	11747
Northeast	11749
Northeast	11751
Northeast	11752
Northeast	11754
Northeast	11755
Northeast	11757
Northeast	11763
Northeast	11764
Northeast	11766
Northeast	11767
Northeast	11768
Northeast	11769
Northeast	11770
Northeast	11772
Northeast	11775
Northeast	11776
Northeast	11777
Northeast	11778
Northeast	11779
Northeast	11780
Northeast	11782
Northeast	11784
Northeast	11786
Northeast	11787
Northeast	11788
Northeast	11789
Northeast	11790
Northeast	11792
Northeast	11794
Northeast	11795
Northeast	11796
Northeast	11798
Northeast	11901
Northeast	11930
Northeast	11931
Northeast	11932
Northeast	11933
Northeast	11934
Northeast	11935
Northeast	11937
Northeast	11939
Northeast	11940
Northeast	11941
Northeast	11942
Northeast	11944
Northeast	11946
Northeast	11947
Northeast	11948
Northeast	11949
Northeast	11950
Northeast	11951
Northeast	11952
Northeast	11953
Northeast	11954
Northeast	11955
Northeast	11956
Northeast	11957
Northeast	11958
Northeast	11959
Northeast	11960
Northeast	11961
Northeast	11962
Northeast	11963
Northeast	11964
Northeast	11965
Northeast	11967
Northeast	11968
Northeast	11969
Northeast	11970
Northeast	11971
Northeast	11972
Northeast	11975
Northeast	11976
Northeast	11977
Northeast	11978
Northeast	11980
Northeast	6390
Mid-Atlantic	18415
Mid-Atlantic	18417
Mid-Atlantic	18427
Mid-Atlantic	18431
Mid-Atlantic	18437
Mid-Atlantic	18438
Mid-Atlantic	18439
Mid-Atlantic	18443
Mid-Atlantic	18453
Mid-Atlantic	18847
Mid-Atlantic	18454
Mid-Atlantic	18455
Mid-Atlantic	18456
Mid-Atlantic	18459
Mid-Atlantic	18460
Mid-Atlantic	18461
Mid-Atlantic	18462
Mid-Atlantic	18463
Mid-Atlantic	18465
Mid-Atlantic	18469
Mid-Atlantic	18472
Mid-Atlantic	18473
Mid-Atlantic	18435
Mid-Atlantic	18324
Mid-Atlantic	18445
Mid-Atlantic	18328
Mid-Atlantic	18451
Mid-Atlantic	18336
Mid-Atlantic	18337
Mid-Atlantic	18457
Mid-Atlantic	18340
Mid-Atlantic	18458
Mid-Atlantic	18464
Mid-Atlantic	18371
Mid-Atlantic	18405
Mid-Atlantic	18425
Mid-Atlantic	18426
Mid-Atlantic	18428
Mid-Atlantic	18301
Mid-Atlantic	18320
Mid-Atlantic	18321
Mid-Atlantic	18322
Mid-Atlantic	18323
Mid-Atlantic	18325
Mid-Atlantic	18326
Mid-Atlantic	18327
Mid-Atlantic	18330
Mid-Atlantic	18331
Mid-Atlantic	18332
Mid-Atlantic	18333
Mid-Atlantic	18334
Mid-Atlantic	18335
Mid-Atlantic	18342
Mid-Atlantic	18344
Mid-Atlantic	18346
Mid-Atlantic	18347
Mid-Atlantic	18348
Mid-Atlantic	18349
Mid-Atlantic	18350
Mid-Atlantic	18352
Mid-Atlantic	18353
Mid-Atlantic	18354
Mid-Atlantic	18355
Mid-Atlantic	18356
Mid-Atlantic	18357
Mid-Atlantic	18360
Mid-Atlantic	18370
Mid-Atlantic	18372
Mid-Atlantic	18058
Mid-Atlantic	18302
Mid-Atlantic	18466
Mid-Atlantic	18210
Mid-Atlantic	18610
Mid-Atlantic	18071
Mid-Atlantic	18254
Mid-Atlantic	18624
Mid-Atlantic	18012
Mid-Atlantic	18030
Mid-Atlantic	18212
Mid-Atlantic	18229
Mid-Atlantic	18230
Mid-Atlantic	18232
Mid-Atlantic	18235
Mid-Atlantic	18244
Mid-Atlantic	18250
Mid-Atlantic	18013
Mid-Atlantic	18014
Mid-Atlantic	18017
Mid-Atlantic	18343
Mid-Atlantic	18020
Mid-Atlantic	18351
Mid-Atlantic	18035
Mid-Atlantic	18038
Mid-Atlantic	18040
Mid-Atlantic	18042
Mid-Atlantic	18043
Mid-Atlantic	18045
Mid-Atlantic	18055
Mid-Atlantic	18063
Mid-Atlantic	18064
Mid-Atlantic	18067
Mid-Atlantic	18072
Mid-Atlantic	18083
Mid-Atlantic	18085
Mid-Atlantic	18086
Mid-Atlantic	18088
Mid-Atlantic	18091
Mid-Atlantic	17964
Mid-Atlantic	17965
Mid-Atlantic	18252
Mid-Atlantic	17966
Mid-Atlantic	17967
Mid-Atlantic	17968
Mid-Atlantic	17970
Mid-Atlantic	17972
Mid-Atlantic	17974
Mid-Atlantic	17976
Mid-Atlantic	17979
Mid-Atlantic	17981
Mid-Atlantic	17982
Mid-Atlantic	17983
Mid-Atlantic	17985
Mid-Atlantic	19549
Mid-Atlantic	17901
Mid-Atlantic	17921
Mid-Atlantic	18211
Mid-Atlantic	17923
Mid-Atlantic	18214
Mid-Atlantic	17925
Mid-Atlantic	17929
Mid-Atlantic	18218
Mid-Atlantic	17930
Mid-Atlantic	18220
Mid-Atlantic	17931
Mid-Atlantic	17932
Mid-Atlantic	17933
Mid-Atlantic	17934
Mid-Atlantic	17935
Mid-Atlantic	17936
Mid-Atlantic	17938
Mid-Atlantic	17941
Mid-Atlantic	18231
Mid-Atlantic	17943
Mid-Atlantic	17944
Mid-Atlantic	17946
Mid-Atlantic	18237
Mid-Atlantic	17948
Mid-Atlantic	17949
Mid-Atlantic	18240
Mid-Atlantic	17951
Mid-Atlantic	17952
Mid-Atlantic	18242
Mid-Atlantic	17953
Mid-Atlantic	17954
Mid-Atlantic	18245
Mid-Atlantic	17957
Mid-Atlantic	17959
Mid-Atlantic	17960
Mid-Atlantic	18248
Mid-Atlantic	17961
Mid-Atlantic	17963
Mid-Atlantic	18015
Mid-Atlantic	18018
Mid-Atlantic	18025
Mid-Atlantic	18031
Mid-Atlantic	18032
Mid-Atlantic	18034
Mid-Atlantic	18037
Mid-Atlantic	18046
Mid-Atlantic	18049
Mid-Atlantic	18051
Mid-Atlantic	18052
Mid-Atlantic	18053
Mid-Atlantic	18059
Mid-Atlantic	18060
Mid-Atlantic	18065
Mid-Atlantic	18066
Mid-Atlantic	18068
Mid-Atlantic	18069
Mid-Atlantic	18078
Mid-Atlantic	18079
Mid-Atlantic	18080
Mid-Atlantic	18087
Mid-Atlantic	18092
Mid-Atlantic	18101
Mid-Atlantic	18102
Mid-Atlantic	18103
Mid-Atlantic	18104
Mid-Atlantic	18106
Mid-Atlantic	18109
Mid-Atlantic	18195
Mid-Atlantic	18036
Mid-Atlantic	18039
Mid-Atlantic	18077
Mid-Atlantic	18081
Mid-Atlantic	18910
Mid-Atlantic	18901
Mid-Atlantic	18912
Mid-Atlantic	18911
Mid-Atlantic	18914
Mid-Atlantic	18913
Mid-Atlantic	18916
Mid-Atlantic	18917
Mid-Atlantic	18921
Mid-Atlantic	18920
Mid-Atlantic	18923
Mid-Atlantic	18922
Mid-Atlantic	18925
Mid-Atlantic	18927
Mid-Atlantic	18929
Mid-Atlantic	18928
Mid-Atlantic	18931
Mid-Atlantic	18930
Mid-Atlantic	18933
Mid-Atlantic	18932
Mid-Atlantic	18935
Mid-Atlantic	18934
Mid-Atlantic	18938
Mid-Atlantic	18942
Mid-Atlantic	18940
Mid-Atlantic	18944
Mid-Atlantic	18943
Mid-Atlantic	18947
Mid-Atlantic	18946
Mid-Atlantic	18950
Mid-Atlantic	18949
Mid-Atlantic	18953
Mid-Atlantic	18951
Mid-Atlantic	18955
Mid-Atlantic	18954
Mid-Atlantic	18956
Mid-Atlantic	18960
Mid-Atlantic	18963
Mid-Atlantic	18962
Mid-Atlantic	18966
Mid-Atlantic	18968
Mid-Atlantic	18970
Mid-Atlantic	18974
Mid-Atlantic	18972
Mid-Atlantic	18977
Mid-Atlantic	18976
Mid-Atlantic	18980
Mid-Atlantic	18991
Mid-Atlantic	18981
Mid-Atlantic	19007
Mid-Atlantic	19020
Mid-Atlantic	19021
Mid-Atlantic	19030
Mid-Atlantic	19047
Mid-Atlantic	19054
Mid-Atlantic	19053
Mid-Atlantic	19056
Mid-Atlantic	19055
Mid-Atlantic	18902
Mid-Atlantic	19057
Mid-Atlantic	19067
Mid-Atlantic	17978
Mid-Atlantic	17980
Mid-Atlantic	17078
Mid-Atlantic	17080
Mid-Atlantic	17097
Mid-Atlantic	17098
Mid-Atlantic	17101
Mid-Atlantic	17102
Mid-Atlantic	17103
Mid-Atlantic	17104
Mid-Atlantic	17105
Mid-Atlantic	17109
Mid-Atlantic	17110
Mid-Atlantic	17111
Mid-Atlantic	17112
Mid-Atlantic	17113
Mid-Atlantic	17120
Mid-Atlantic	17122
Mid-Atlantic	17130
Mid-Atlantic	17140
Mid-Atlantic	17005
Mid-Atlantic	17018
Mid-Atlantic	17020
Mid-Atlantic	17023
Mid-Atlantic	17028
Mid-Atlantic	17030
Mid-Atlantic	17032
Mid-Atlantic	17033
Mid-Atlantic	17034
Mid-Atlantic	17036
Mid-Atlantic	17048
Mid-Atlantic	17057
Mid-Atlantic	17061
Mid-Atlantic	17003
Mid-Atlantic	17010
Mid-Atlantic	17077
Mid-Atlantic	17016
Mid-Atlantic	17083
Mid-Atlantic	17085
Mid-Atlantic	17088
Mid-Atlantic	17038
Mid-Atlantic	17039
Mid-Atlantic	17041
Mid-Atlantic	17042
Mid-Atlantic	17046
Mid-Atlantic	17064
Mid-Atlantic	18011
Mid-Atlantic	18056
Mid-Atlantic	18062
Mid-Atlantic	17026
Mid-Atlantic	17067
Mid-Atlantic	17087
Mid-Atlantic	19503
Mid-Atlantic	19506
Mid-Atlantic	19505
Mid-Atlantic	19508
Mid-Atlantic	19507
Mid-Atlantic	19511
Mid-Atlantic	19510
Mid-Atlantic	19512
Mid-Atlantic	19518
Mid-Atlantic	19522
Mid-Atlantic	19523
Mid-Atlantic	19529
Mid-Atlantic	19526
Mid-Atlantic	19533
Mid-Atlantic	19530
Mid-Atlantic	19535
Mid-Atlantic	19534
Mid-Atlantic	19538
Mid-Atlantic	19536
Mid-Atlantic	19540
Mid-Atlantic	19539
Mid-Atlantic	19541
Mid-Atlantic	19544
Mid-Atlantic	19547
Mid-Atlantic	19545
Mid-Atlantic	19551
Mid-Atlantic	19550
Mid-Atlantic	19555
Mid-Atlantic	19554
Mid-Atlantic	19560
Mid-Atlantic	19559
Mid-Atlantic	19564
Mid-Atlantic	19562
Mid-Atlantic	19567
Mid-Atlantic	19565
Mid-Atlantic	19602
Mid-Atlantic	19601
Mid-Atlantic	19604
Mid-Atlantic	19606
Mid-Atlantic	19605
Mid-Atlantic	19608
Mid-Atlantic	19607
Mid-Atlantic	19610
Mid-Atlantic	19609
Mid-Atlantic	19611
Mid-Atlantic	18041
Mid-Atlantic	18054
Mid-Atlantic	18070
Mid-Atlantic	18073
Mid-Atlantic	18074
Mid-Atlantic	18076
Mid-Atlantic	18084
Mid-Atlantic	18915
Mid-Atlantic	18918
Mid-Atlantic	19403
Mid-Atlantic	19401
Mid-Atlantic	19405
Mid-Atlantic	19404
Mid-Atlantic	18936
Mid-Atlantic	19406
Mid-Atlantic	19409
Mid-Atlantic	19415
Mid-Atlantic	19422
Mid-Atlantic	19423
Mid-Atlantic	19426
Mid-Atlantic	18957
Mid-Atlantic	19428
Mid-Atlantic	18958
Mid-Atlantic	19430
Mid-Atlantic	19436
Mid-Atlantic	19435
Mid-Atlantic	19438
Mid-Atlantic	19437
Mid-Atlantic	18964
Mid-Atlantic	18969
Mid-Atlantic	19440
Mid-Atlantic	18971
Mid-Atlantic	19443
Mid-Atlantic	19446
Mid-Atlantic	19444
Mid-Atlantic	19450
Mid-Atlantic	19454
Mid-Atlantic	18979
Mid-Atlantic	19453
Mid-Atlantic	19456
Mid-Atlantic	19460
Mid-Atlantic	19002
Mid-Atlantic	19001
Mid-Atlantic	19004
Mid-Atlantic	19464
Mid-Atlantic	19003
Mid-Atlantic	19462
Mid-Atlantic	19468
Mid-Atlantic	19006
Mid-Atlantic	19472
Mid-Atlantic	19009
Mid-Atlantic	19012
Mid-Atlantic	19474
Mid-Atlantic	19010
Mid-Atlantic	19473
Mid-Atlantic	19477
Mid-Atlantic	19478
Mid-Atlantic	19486
Mid-Atlantic	19025
Mid-Atlantic	19490
Mid-Atlantic	19027
Mid-Atlantic	19492
Mid-Atlantic	19031
Mid-Atlantic	19035
Mid-Atlantic	19504
Mid-Atlantic	19034
Mid-Atlantic	19038
Mid-Atlantic	19041
Mid-Atlantic	19040
Mid-Atlantic	19044
Mid-Atlantic	19046
Mid-Atlantic	19525
Mid-Atlantic	19066
Mid-Atlantic	19072
Mid-Atlantic	19075
Mid-Atlantic	19085
Mid-Atlantic	19087
Mid-Atlantic	19090
Mid-Atlantic	19095
Mid-Atlantic	19096
Mid-Atlantic	19126
Mid-Atlantic	19125
Mid-Atlantic	19128
Mid-Atlantic	19127
Mid-Atlantic	19130
Mid-Atlantic	19129
Mid-Atlantic	19132
Mid-Atlantic	19131
Mid-Atlantic	19134
Mid-Atlantic	19133
Mid-Atlantic	19136
Mid-Atlantic	19135
Mid-Atlantic	19138
Mid-Atlantic	19137
Mid-Atlantic	19140
Mid-Atlantic	19139
Mid-Atlantic	19142
Mid-Atlantic	19141
Mid-Atlantic	19144
Mid-Atlantic	19143
Mid-Atlantic	19146
Mid-Atlantic	19145
Mid-Atlantic	19148
Mid-Atlantic	19147
Mid-Atlantic	19150
Mid-Atlantic	19149
Mid-Atlantic	19152
Mid-Atlantic	19151
Mid-Atlantic	19154
Mid-Atlantic	19153
Mid-Atlantic	19155
Mid-Atlantic	19170
Mid-Atlantic	19173
Mid-Atlantic	19176
Mid-Atlantic	19187
Mid-Atlantic	19192
Mid-Atlantic	19019
Mid-Atlantic	19092
Mid-Atlantic	19101
Mid-Atlantic	19099
Mid-Atlantic	19103
Mid-Atlantic	19102
Mid-Atlantic	19105
Mid-Atlantic	19104
Mid-Atlantic	19107
Mid-Atlantic	19106
Mid-Atlantic	19109
Mid-Atlantic	19111
Mid-Atlantic	19110
Mid-Atlantic	19112
Mid-Atlantic	19115
Mid-Atlantic	19114
Mid-Atlantic	19118
Mid-Atlantic	19116
Mid-Atlantic	19120
Mid-Atlantic	19119
Mid-Atlantic	19122
Mid-Atlantic	19121
Mid-Atlantic	19124
Mid-Atlantic	19123
Mid-Atlantic	19317
Mid-Atlantic	19319
Mid-Atlantic	19331
Mid-Atlantic	19342
Mid-Atlantic	19373
Mid-Atlantic	19008
Mid-Atlantic	19014
Mid-Atlantic	19013
Mid-Atlantic	19015
Mid-Atlantic	19018
Mid-Atlantic	19017
Mid-Atlantic	19022
Mid-Atlantic	19060
Mid-Atlantic	19023
Mid-Atlantic	19026
Mid-Atlantic	19029
Mid-Atlantic	19028
Mid-Atlantic	19033
Mid-Atlantic	19032
Mid-Atlantic	19037
Mid-Atlantic	19036
Mid-Atlantic	19039
Mid-Atlantic	19043
Mid-Atlantic	19052
Mid-Atlantic	19050
Mid-Atlantic	19061
Mid-Atlantic	19064
Mid-Atlantic	19063
Mid-Atlantic	19070
Mid-Atlantic	19073
Mid-Atlantic	19074
Mid-Atlantic	19078
Mid-Atlantic	19076
Mid-Atlantic	19080
Mid-Atlantic	19079
Mid-Atlantic	19082
Mid-Atlantic	19081
Mid-Atlantic	19083
Mid-Atlantic	19086
Mid-Atlantic	19088
Mid-Atlantic	19094
Mid-Atlantic	19113
Mid-Atlantic	17368
Mid-Atlantic	17501
Mid-Atlantic	17502
Mid-Atlantic	17503
Mid-Atlantic	17504
Mid-Atlantic	17505
Mid-Atlantic	17506
Mid-Atlantic	17507
Mid-Atlantic	17508
Mid-Atlantic	17509
Mid-Atlantic	17512
Mid-Atlantic	17516
Mid-Atlantic	17517
Mid-Atlantic	17518
Mid-Atlantic	17519
Mid-Atlantic	17520
Mid-Atlantic	17521
Mid-Atlantic	17522
Mid-Atlantic	17527
Mid-Atlantic	17528
Mid-Atlantic	17529
Mid-Atlantic	17532
Mid-Atlantic	17533
Mid-Atlantic	17534
Mid-Atlantic	17535
Mid-Atlantic	17536
Mid-Atlantic	17537
Mid-Atlantic	17538
Mid-Atlantic	17540
Mid-Atlantic	17543
Mid-Atlantic	17545
Mid-Atlantic	17547
Mid-Atlantic	17549
Mid-Atlantic	17550
Mid-Atlantic	17551
Mid-Atlantic	17552
Mid-Atlantic	17554
Mid-Atlantic	17555
Mid-Atlantic	17557
Mid-Atlantic	17560
Mid-Atlantic	17562
Mid-Atlantic	17022
Mid-Atlantic	17563
Mid-Atlantic	17564
Mid-Atlantic	17565
Mid-Atlantic	19362
Mid-Atlantic	17566
Mid-Atlantic	17567
Mid-Atlantic	17568
Mid-Atlantic	17569
Mid-Atlantic	17570
Mid-Atlantic	17572
Mid-Atlantic	17573
Mid-Atlantic	17576
Mid-Atlantic	17578
Mid-Atlantic	17579
Mid-Atlantic	17580
Mid-Atlantic	17581
Mid-Atlantic	17582
Mid-Atlantic	17584
Mid-Atlantic	17585
Mid-Atlantic	17601
Mid-Atlantic	17602
Mid-Atlantic	17603
Mid-Atlantic	17604
Mid-Atlantic	17699
Mid-Atlantic	17073
Mid-Atlantic	19501
Mid-Atlantic	19543
Mid-Atlantic	19301
Mid-Atlantic	19311
Mid-Atlantic	19310
Mid-Atlantic	19316
Mid-Atlantic	19312
Mid-Atlantic	19320
Mid-Atlantic	19330
Mid-Atlantic	19335
Mid-Atlantic	19333
Mid-Atlantic	19341
Mid-Atlantic	19344
Mid-Atlantic	19343
Mid-Atlantic	19348
Mid-Atlantic	19351
Mid-Atlantic	19350
Mid-Atlantic	19352
Mid-Atlantic	19355
Mid-Atlantic	19354
Mid-Atlantic	19358
Mid-Atlantic	19360
Mid-Atlantic	19365
Mid-Atlantic	19363
Mid-Atlantic	19367
Mid-Atlantic	19366
Mid-Atlantic	19369
Mid-Atlantic	19372
Mid-Atlantic	19375
Mid-Atlantic	19374
Mid-Atlantic	19380
Mid-Atlantic	19382
Mid-Atlantic	19390
Mid-Atlantic	19383
Mid-Atlantic	19421
Mid-Atlantic	19425
Mid-Atlantic	19442
Mid-Atlantic	19457
Mid-Atlantic	19465
Mid-Atlantic	19470
Mid-Atlantic	19475
Mid-Atlantic	19480
Mid-Atlantic	19481
Mid-Atlantic	19520
Mid-Atlantic	17065
Mid-Atlantic	17324
Mid-Atlantic	17072
Mid-Atlantic	17081
Mid-Atlantic	17093
Mid-Atlantic	17015
Mid-Atlantic	17001
Mid-Atlantic	17007
Mid-Atlantic	17011
Mid-Atlantic	17013
Mid-Atlantic	17240
Mid-Atlantic	17241
Mid-Atlantic	17025
Mid-Atlantic	17027
Mid-Atlantic	17257
Mid-Atlantic	17266
Mid-Atlantic	17050
Mid-Atlantic	17307
Mid-Atlantic	17055
Mid-Atlantic	17322
Mid-Atlantic	17323
Mid-Atlantic	17327
Mid-Atlantic	17329
Mid-Atlantic	17331
Mid-Atlantic	17332
Mid-Atlantic	17333
Mid-Atlantic	17339
Mid-Atlantic	17342
Mid-Atlantic	17345
Mid-Atlantic	17347
Mid-Atlantic	17349
Mid-Atlantic	17352
Mid-Atlantic	17355
Mid-Atlantic	17356
Mid-Atlantic	17358
Mid-Atlantic	17360
Mid-Atlantic	17361
Mid-Atlantic	17362
Mid-Atlantic	17363
Mid-Atlantic	17364
Mid-Atlantic	17365
Mid-Atlantic	17366
Mid-Atlantic	17370
Mid-Atlantic	17371
Mid-Atlantic	17401
Mid-Atlantic	17402
Mid-Atlantic	17403
Mid-Atlantic	17404
Mid-Atlantic	17406
Mid-Atlantic	17407
Mid-Atlantic	17019
Mid-Atlantic	17070
Mid-Atlantic	17408
Mid-Atlantic	17334
Mid-Atlantic	17301
Mid-Atlantic	17302
Mid-Atlantic	17309
Mid-Atlantic	17311
Mid-Atlantic	17312
Mid-Atlantic	17313
Mid-Atlantic	17314
Mid-Atlantic	17315
Mid-Atlantic	17316
Mid-Atlantic	17317
Mid-Atlantic	17318
Mid-Atlantic	17319
Mid-Atlantic	17321
Mid-Atlantic	17325
Mid-Atlantic	17337
Mid-Atlantic	17340
Mid-Atlantic	17343
Mid-Atlantic	17344
Mid-Atlantic	17350
Mid-Atlantic	17353
Mid-Atlantic	17372
Mid-Atlantic	17303
Mid-Atlantic	17304
Mid-Atlantic	17306
Mid-Atlantic	17310
Mid-Atlantic	17320
Mid-Atlantic	17201
Mid-Atlantic	17202
Mid-Atlantic	17210
Mid-Atlantic	17214
Mid-Atlantic	17217
Mid-Atlantic	17219
Mid-Atlantic	17220
Mid-Atlantic	17221
Mid-Atlantic	17222
Mid-Atlantic	17224
Mid-Atlantic	17225
Mid-Atlantic	17231
Mid-Atlantic	17232
Mid-Atlantic	17235
Mid-Atlantic	17236
Mid-Atlantic	17237
Mid-Atlantic	17244
Mid-Atlantic	17246
Mid-Atlantic	17247
Mid-Atlantic	17250
Mid-Atlantic	17251
Mid-Atlantic	17252
Mid-Atlantic	17254
Mid-Atlantic	17256
Mid-Atlantic	17261
Mid-Atlantic	17262
Mid-Atlantic	17263
Mid-Atlantic	17265
Mid-Atlantic	17268
Mid-Atlantic	17271
Mid-Atlantic	17272
Mid-Atlantic	17223
Mid-Atlantic	16689
Mid-Atlantic	16691
Mid-Atlantic	17228
Mid-Atlantic	17233
Mid-Atlantic	17238
Mid-Atlantic	15536
Mid-Atlantic	17267
Mid-Atlantic	17212
Mid-Atlantic	15521
Mid-Atlantic	15522
Mid-Atlantic	15533
Mid-Atlantic	15534
Mid-Atlantic	16633
Mid-Atlantic	15535
Mid-Atlantic	15537
Mid-Atlantic	15539
Mid-Atlantic	16650
Mid-Atlantic	15550
Mid-Atlantic	16655
Mid-Atlantic	15554
Mid-Atlantic	16659
Mid-Atlantic	15559
Mid-Atlantic	16664
Mid-Atlantic	16667
Mid-Atlantic	16670
Mid-Atlantic	16672
Mid-Atlantic	17211
Mid-Atlantic	16678
Mid-Atlantic	16679
Mid-Atlantic	16694
Mid-Atlantic	16695
Mid-Atlantic	15953
Mid-Atlantic	15485
Mid-Atlantic	15959
Mid-Atlantic	15501
Mid-Atlantic	15502
Mid-Atlantic	15520
Mid-Atlantic	15530
Mid-Atlantic	15532
Mid-Atlantic	15538
Mid-Atlantic	15540
Mid-Atlantic	15541
Mid-Atlantic	15542
Mid-Atlantic	15544
Mid-Atlantic	15545
Mid-Atlantic	15546
Mid-Atlantic	15547
Mid-Atlantic	15548
Mid-Atlantic	15549
Mid-Atlantic	15551
Mid-Atlantic	15552
Mid-Atlantic	15553
Mid-Atlantic	15555
Mid-Atlantic	15557
Mid-Atlantic	15558
Mid-Atlantic	15560
Mid-Atlantic	15561
Mid-Atlantic	15562
Mid-Atlantic	15563
Mid-Atlantic	15564
Mid-Atlantic	15565
Mid-Atlantic	15411
Mid-Atlantic	15924
Mid-Atlantic	15926
Mid-Atlantic	15928
Mid-Atlantic	15935
Mid-Atlantic	15936
Mid-Atlantic	15937
Mid-Atlantic	18653
Mid-Atlantic	18403
Mid-Atlantic	18407
Mid-Atlantic	18410
Mid-Atlantic	18411
Mid-Atlantic	18414
Mid-Atlantic	18416
Mid-Atlantic	18419
Mid-Atlantic	18420
Mid-Atlantic	18421
Mid-Atlantic	18424
Mid-Atlantic	18433
Mid-Atlantic	18434
Mid-Atlantic	18436
Mid-Atlantic	18440
Mid-Atlantic	18444
Mid-Atlantic	18447
Mid-Atlantic	18448
Mid-Atlantic	18452
Mid-Atlantic	18471
Mid-Atlantic	18503
Mid-Atlantic	18504
Mid-Atlantic	18505
Mid-Atlantic	18507
Mid-Atlantic	18508
Mid-Atlantic	18509
Mid-Atlantic	18510
Mid-Atlantic	18512
Mid-Atlantic	18517
Mid-Atlantic	18518
Mid-Atlantic	18519
Mid-Atlantic	18251
Mid-Atlantic	18617
Mid-Atlantic	18255
Mid-Atlantic	18618
Mid-Atlantic	18256
Mid-Atlantic	18622
Mid-Atlantic	18621
Mid-Atlantic	18627
Mid-Atlantic	18635
Mid-Atlantic	18634
Mid-Atlantic	18640
Mid-Atlantic	18642
Mid-Atlantic	18641
Mid-Atlantic	18644
Mid-Atlantic	18643
Mid-Atlantic	18651
Mid-Atlantic	18655
Mid-Atlantic	18656
Mid-Atlantic	18661
Mid-Atlantic	18660
Mid-Atlantic	18701
Mid-Atlantic	18703
Mid-Atlantic	18702
Mid-Atlantic	18705
Mid-Atlantic	18704
Mid-Atlantic	18707
Mid-Atlantic	18706
Mid-Atlantic	17814
Mid-Atlantic	18709
Mid-Atlantic	18708
Mid-Atlantic	18711
Mid-Atlantic	17878
Mid-Atlantic	18201
Mid-Atlantic	18202
Mid-Atlantic	18216
Mid-Atlantic	18219
Mid-Atlantic	18221
Mid-Atlantic	18222
Mid-Atlantic	18223
Mid-Atlantic	18224
Mid-Atlantic	18225
Mid-Atlantic	18234
Mid-Atlantic	18239
Mid-Atlantic	18241
Mid-Atlantic	18601
Mid-Atlantic	18602
Mid-Atlantic	18603
Mid-Atlantic	18246
Mid-Atlantic	18247
Mid-Atlantic	18611
Mid-Atlantic	18612
Mid-Atlantic	18249
Mid-Atlantic	17858
Mid-Atlantic	17859
Mid-Atlantic	18631
Mid-Atlantic	17888
Mid-Atlantic	17920
Mid-Atlantic	17815
Mid-Atlantic	17820
Mid-Atlantic	17945
Mid-Atlantic	17846
Mid-Atlantic	17822
Mid-Atlantic	17884
Mid-Atlantic	17730
Mid-Atlantic	17847
Mid-Atlantic	17850
Mid-Atlantic	17851
Mid-Atlantic	17857
Mid-Atlantic	17860
Mid-Atlantic	17749
Mid-Atlantic	17865
Mid-Atlantic	17866
Mid-Atlantic	17867
Mid-Atlantic	17868
Mid-Atlantic	17017
Mid-Atlantic	17872
Mid-Atlantic	17877
Mid-Atlantic	17881
Mid-Atlantic	17772
Mid-Atlantic	17777
Mid-Atlantic	17801
Mid-Atlantic	17821
Mid-Atlantic	17823
Mid-Atlantic	17824
Mid-Atlantic	17830
Mid-Atlantic	17832
Mid-Atlantic	17834
Mid-Atlantic	17836
Mid-Atlantic	17840
Mid-Atlantic	17855
Mid-Atlantic	17856
Mid-Atlantic	17829
Mid-Atlantic	17835
Mid-Atlantic	17880
Mid-Atlantic	17837
Mid-Atlantic	17883
Mid-Atlantic	17885
Mid-Atlantic	17886
Mid-Atlantic	17887
Mid-Atlantic	17844
Mid-Atlantic	17845
Mid-Atlantic	17889
Mid-Atlantic	17853
Mid-Atlantic	17861
Mid-Atlantic	17862
Mid-Atlantic	17864
Mid-Atlantic	17870
Mid-Atlantic	17086
Mid-Atlantic	17882
Mid-Atlantic	17812
Mid-Atlantic	17813
Mid-Atlantic	17827
Mid-Atlantic	17833
Mid-Atlantic	17842
Mid-Atlantic	17066
Mid-Atlantic	17002
Mid-Atlantic	17004
Mid-Atlantic	17075
Mid-Atlantic	17009
Mid-Atlantic	17044
Mid-Atlantic	17051
Mid-Atlantic	17084
Mid-Atlantic	17054
Mid-Atlantic	17841
Mid-Atlantic	17029
Mid-Atlantic	17099
Mid-Atlantic	17063
Mid-Atlantic	17076
Mid-Atlantic	17014
Mid-Atlantic	17082
Mid-Atlantic	17094
Mid-Atlantic	17035
Mid-Atlantic	17049
Mid-Atlantic	17056
Mid-Atlantic	17058
Mid-Atlantic	17059
Mid-Atlantic	17068
Mid-Atlantic	17069
Mid-Atlantic	17037
Mid-Atlantic	17071
Mid-Atlantic	17006
Mid-Atlantic	17040
Mid-Atlantic	17074
Mid-Atlantic	17045
Mid-Atlantic	17047
Mid-Atlantic	17053
Mid-Atlantic	17021
Mid-Atlantic	17024
Mid-Atlantic	17090
Mid-Atlantic	17062